Workbook

Sheet README
A1: TARU: Data Collection Workbook
A2: Purpose | B2: One place for everything you collect by hand: price audit, review corpus, the 120 locked test reviews, the 40 guardrail test claims, Google Trends exports and the wedding calendar. Tracker shows progress against the pass marks.
A3: How to use | B3: Upload this file to your taru-category-launch Drive folder and open it as a Google Sheet. Yellow cells are yours to fill; dropdowns keep values consistent. Each tab's row 2 is a worked example in grey italics: overwrite or delete it.
A4: Export | B4: When a tab is complete: File → Download → CSV (current sheet). Save as data/raw/price_audit/price_audit.csv and data/raw/reviews/reviews.csv in the repo.
A5: Rules | B5: Copy by hand only; no scraping tools (brief rule 2). No reviewer names, handles or photos. Record the date you collected each row.
A6: Gold sets (DL-04) | B6: Label the 120 test reviews and write and label the 40 test claims yourself, before any model sees them. Don't paste them into Claude or any other AI tool before the labels are locked.
A7: Google Trends | B7: trends.google.com → Explore → set India, 'Past 5 years', category All → enter one term → the download arrow on 'Interest over time' saves a CSV of weekly values. Repeat per term (one term per export, so each is scaled 0–100 on its own). Save to data/raw/trends/ using the file names in Trends_Log.

Sheet Price_Audit
A1: sku_id | B1: brand | C1: product | D1: line | E1: fabric_composition | F1: certification_claim | G1: mrp_inr | H1: selling_price_inr | I1: discount_pct | J1: return_policy | K1: url | L1: date_collected | M1: notes
A2: P001 | B2: Manyavar | C2: [example] Cotton blend kurta set | D2: everyday | E2: 60% cotton, 40% polyester | F2: none | G2: 3999 | H2: 3599 | I2: =IF(G2>0,1-H2/G2,"") -> 0.10002501 | J2: Returns within 15 days | K2: https://... | L2: 2026-10-01 | M2: Example row: overwrite
A3: P002 | I3: =IF(AND(ISNUMBER(G3),G3>0,ISNUMBER(H3)),1-H3/G3,"")
A4: P003 | I4: =IF(AND(ISNUMBER(G4),G4>0,ISNUMBER(H4)),1-H4/G4,"")
A5: P004 | I5: =IF(AND(ISNUMBER(G5),G5>0,ISNUMBER(H5)),1-H5/G5,"")
A6: P005 | I6: =IF(AND(ISNUMBER(G6),G6>0,ISNUMBER(H6)),1-H6/G6,"")
A7: P006 | I7: =IF(AND(ISNUMBER(G7),G7>0,ISNUMBER(H7)),1-H7/G7,"")
A8: P007 | I8: =IF(AND(ISNUMBER(G8),G8>0,ISNUMBER(H8)),1-H8/G8,"")
A9: P008 | I9: =IF(AND(ISNUMBER(G9),G9>0,ISNUMBER(H9)),1-H9/G9,"")
A10: P009 | I10: =IF(AND(ISNUMBER(G10),G10>0,ISNUMBER(H10)),1-H10/G10,"")
A11: P010 | I11: =IF(AND(ISNUMBER(G11),G11>0,ISNUMBER(H11)),1-H11/G11,"")
A12: P011 | I12: =IF(AND(ISNUMBER(G12),G12>0,ISNUMBER(H12)),1-H12/G12,"")
A13: P012 | I13: =IF(AND(ISNUMBER(G13),G13>0,ISNUMBER(H13)),1-H13/G13,"")
A14: P013 | I14: =IF(AND(ISNUMBER(G14),G14>0,ISNUMBER(H14)),1-H14/G14,"")
... A80: P079 | I80: =IF(AND(ISNUMBER(G80),G80>0,ISNUMBER(H80)),1-H80/G80,"")

Sheet Reviews
A1: review_id | B1: brand | C1: product | D1: fabric | E1: star_rating | F1: review_text | G1: language | H1: review_date | I1: source_site | J1: date_collected
A2: V0001 | B2: Tasva | C2: [example] Linen kurta set | D2: Linen blend | E2: 4 | F2: [example] Fabric is soft but size runs small around the stomach | G2: English | H2: 2026-08-14 | I2: tasva.com | J2: 2026-10-02
A3: V0002
A4: V0003
A5: V0004
A6: V0005
A7: V0006
A8: V0007
A9: V0008
A10: V0009
A11: V0010
A12: V0011
A13: V0012
A14: V0013
... A502: V0501

Sheet Test_Reviews_120
A1: test_id | B1: review_id | C1: brand | D1: language | E1: review_text (paste) | F1: your_label (from text only) | G1: aspects mentioned (optional) | H1: notes
A2: T001
A3: T002
A4: T003
A5: T004
A6: T005
A7: T006
A8: T007
A9: T008
A10: T009
A11: T010
A12: T011
A13: T012
... A121: T120

Sheet Guardrail_Test_Claims
A1: claim_id | B1: claim_text (you write) | C1: where it would appear | D1: category (see list) | E1: your_label | F1: your_risk | G1: clause you relied on (document + clause no.) | H1: classmate_label | I1: agree? | J1: notes
A2: GC01 | I2: =IF(OR(E2="",H2=""),"",IF(E2=H2,"yes","NO"))
A3: GC02 | I3: =IF(OR(E3="",H3=""),"",IF(E3=H3,"yes","NO"))
A4: GC03 | I4: =IF(OR(E4="",H4=""),"",IF(E4=H4,"yes","NO"))
A5: GC04 | I5: =IF(OR(E5="",H5=""),"",IF(E5=H5,"yes","NO"))
A6: GC05 | I6: =IF(OR(E6="",H6=""),"",IF(E6=H6,"yes","NO"))
A7: GC06 | I7: =IF(OR(E7="",H7=""),"",IF(E7=H7,"yes","NO"))
A8: GC07 | I8: =IF(OR(E8="",H8=""),"",IF(E8=H8,"yes","NO"))
A9: GC08 | I9: =IF(OR(E9="",H9=""),"",IF(E9=H9,"yes","NO"))
A10: GC09 | I10: =IF(OR(E10="",H10=""),"",IF(E10=H10,"yes","NO"))
A11: GC10 | I11: =IF(OR(E11="",H11=""),"",IF(E11=H11,"yes","NO"))
A12: GC11 | I12: =IF(OR(E12="",H12=""),"",IF(E12=H12,"yes","NO"))
A13: GC12 | I13: =IF(OR(E13="",H13=""),"",IF(E13=H13,"yes","NO"))
... A41: GC40 | I41: =IF(OR(E41="",H41=""),"",IF(E41=H41,"yes","NO"))
B44: Category | C44: Target count | D44: What it covers (write your own claims; don't copy these descriptions as claims)
B45: NC1 Generic unqualified term | C45: 4 | D45: Words like eco-friendly, green, sustainable, natural with no qualifier or evidence
B46: NC2 Organic on the wrong fibre or blend | C46: 3 | D46: 'Organic' on bamboo viscose or lyocell, or on a blend below the GOTS 95% grade
B47: NC3 Certification without proof | C47: 2 | D47: Naming GOTS or 'certified' with no licence number or certifier
B48: NC4 Absolute claim | C48: 3 | D48: 'Chemical-free', '100% sustainable', 'zero impact' and similar
B49: NC5 Unsubstantiated performance or health | C49: 2 | D49: Skin, allergy or comfort promises with no test evidence
B50: NC6 Comparative or superlative | C50: 2 | D50: 'First', 'only', 'most', 'better than [category]' without substantiation
B51: NC7 Unclear scope | C51: 2 | D51: Claim that doesn't say whether it covers product, packaging or part of either
B52: NC8 Future or aspirational without a plan | C52: 1 | D52: 'Carbon neutral by …' with no published plan
B53: NC9 AI or endorsement | C53: 1 | D53: Fabricated testimonial, review or endorsement
B54: C1 Correct GOTS 'organic' claim | C54: 4 | D54: Meets the ≥95% grade, names the certifier and licence number, clear scope
B55: C2 Correct 'made with X% organic' | C55: 3 | D55: Meets the ≥70% grade, states the percentage
B56: C3 Factual fibre composition | C56: 4 | D56: Plain composition or care statements
... B59: Total | C59: 40 | D59: Aim for about half non-compliant (NC) and half compliant (C)

Sheet Trends_Log
A1: term | B1: geo | C1: period | D1: frequency | E1: file name to save | F1: date exported | G1: rows (weeks) | H1: notes
A2: kurta for men | B2: India | C2: Past 5 years | D2: Weekly | E2: trends_kurta_for_men.csv
A3: sherwani | B3: India | C3: Past 5 years | D3: Weekly | E3: trends_sherwani.csv
A4: linen kurta | B4: India | C4: Past 5 years | D4: Weekly | E4: trends_linen_kurta.csv
A5: organic cotton | B5: India | C5: Past 5 years | D5: Weekly | E5: trends_organic_cotton.csv
A6: wedding outfit for men | B6: India | C6: Past 5 years | D6: Weekly | E6: trends_wedding_outfit_for_men.csv

Sheet Wedding_Calendar
A1: month | B1: source 1 (name + link) | C1: auspicious dates: source 1 | D1: source 2 (name + link) | E1: auspicious dates: source 2 | F1: difference | G1: flag | H1: notes
A2: Oct 2026 | F2: =IF(OR(C2="",E2=""),"",C2-E2) | G2: =IF(F2="","",IF(ABS(F2)>=3,"CHECK",""))
A3: Nov 2026 | F3: =IF(OR(C3="",E3=""),"",C3-E3) | G3: =IF(F3="","",IF(ABS(F3)>=3,"CHECK",""))
A4: Dec 2026 | F4: =IF(OR(C4="",E4=""),"",C4-E4) | G4: =IF(F4="","",IF(ABS(F4)>=3,"CHECK",""))
A5: Jan 2027 | F5: =IF(OR(C5="",E5=""),"",C5-E5) | G5: =IF(F5="","",IF(ABS(F5)>=3,"CHECK",""))
A6: Feb 2027 | F6: =IF(OR(C6="",E6=""),"",C6-E6) | G6: =IF(F6="","",IF(ABS(F6)>=3,"CHECK",""))
A7: Mar 2027 | F7: =IF(OR(C7="",E7=""),"",C7-E7) | G7: =IF(F7="","",IF(ABS(F7)>=3,"CHECK",""))
A8: Apr 2027 | F8: =IF(OR(C8="",E8=""),"",C8-E8) | G8: =IF(F8="","",IF(ABS(F8)>=3,"CHECK",""))
A9: May 2027 | F9: =IF(OR(C9="",E9=""),"",C9-E9) | G9: =IF(F9="","",IF(ABS(F9)>=3,"CHECK",""))
A10: Jun 2027 | F10: =IF(OR(C10="",E10=""),"",C10-E10) | G10: =IF(F10="","",IF(ABS(F10)>=3,"CHECK",""))
A11: Jul 2027 | F11: =IF(OR(C11="",E11=""),"",C11-E11) | G11: =IF(F11="","",IF(ABS(F11)>=3,"CHECK",""))
A12: Aug 2027 | F12: =IF(OR(C12="",E12=""),"",C12-E12) | G12: =IF(F12="","",IF(ABS(F12)>=3,"CHECK",""))
A13: Sep 2027 | F13: =IF(OR(C13="",E13=""),"",C13-E13) | G13: =IF(F13="","",IF(ABS(F13)>=3,"CHECK",""))
... A25: Sep 2028 | F25: =IF(OR(C25="",E25=""),"",C25-E25) | G25: =IF(F25="","",IF(ABS(F25)>=3,"CHECK",""))

Sheet Tracker
A1: Item | B1: Count so far | C1: Pass mark | D1: Status
A2: Price audit: SKUs | B2: =COUNTA(Price_Audit!C3:C80) -> 0 | C2: 40 | D2: =IF(ISNUMBER(C2),IF(B2>=C2,"done","to do"),"") -> to do
A3: Price audit: brands covered | B3: =SUMPRODUCT((Price_Audit!B3:B80<>"")/COUNTIF(Price_Audit!B3:B80,Price_Audit!B3:B80&"")) -> 0 | C3: 6 | D3: =IF(ISNUMBER(C3),IF(B3>=C3,"done","to do"),"") -> to do
A4: Reviews: Manyavar | B4: =COUNTIF(Reviews!B3:B502,"Manyavar") -> 0 | C4: 100 | D4: =IF(ISNUMBER(C4),IF(B4>=C4,"done","to do"),"") -> to do
A5: Reviews: Fabindia | B5: =COUNTIF(Reviews!B3:B502,"Fabindia") -> 0 | C5: 100 | D5: =IF(ISNUMBER(C5),IF(B5>=C5,"done","to do"),"") -> to do
A6: Reviews: Tasva | B6: =COUNTIF(Reviews!B3:B502,"Tasva") -> 0 | C6: 100 | D6: =IF(ISNUMBER(C6),IF(B6>=C6,"done","to do"),"") -> to do
A7: Reviews: Ethnix | B7: =COUNTIF(Reviews!B3:B502,"Ethnix") -> 0 | C7: 100 | D7: =IF(ISNUMBER(C7),IF(B7>=C7,"done","to do"),"") -> to do
A8: Reviews: total | B8: =COUNTA(Reviews!F3:F502) -> 0 | C8: 400 | D8: =IF(ISNUMBER(C8),IF(B8>=C8,"done","to do"),"") -> to do
A9: Reviews tagged Hinglish or Hindi | B9: =COUNTIF(Reviews!G3:G502,"Hinglish")+COUNTIF(Reviews!G3:G502,"Hindi (Devanagari)") -> 0 | C9: report | D9: =IF(ISNUMBER(C9),IF(B9>=C9,"done","to do"),"")
A10: Test reviews labelled | B10: =COUNTA(Test_Reviews_120!F2:F121) -> 0 | C10: 120 | D10: =IF(ISNUMBER(C10),IF(B10>=C10,"done","to do"),"") -> to do
A11: Guardrail claims written | B11: =COUNTA(Guardrail_Test_Claims!B2:B41) -> 0 | C11: 40 | D11: =IF(ISNUMBER(C11),IF(B11>=C11,"done","to do"),"") -> to do
A12: Guardrail claims: non-compliant share | B12: =IFERROR(COUNTIF(Guardrail_Test_Claims!E2:E41,"non-compliant")/COUNTA(Guardrail_Test_Claims!E2:E41),"") | C12: ~50% | D12: =IF(ISNUMBER(C12),IF(B12>=C12,"done","to do"),"")
A13: Guardrail claims: classmate agreement | B13: =IFERROR(COUNTIF(Guardrail_Test_Claims!I2:I41,"yes")/(COUNTIF(Guardrail_Test_Claims!I2:I41,"yes")+COUNTIF(Guardrail_Test_Claims!I2:I41,"NO")),"") | C13: report | D13: =IF(ISNUMBER(C13),IF(B13>=C13,"done","to do"),"")
A14: Trends CSVs exported | B14: =COUNTA(Trends_Log!F2:F6) -> 0 | C14: 5 | D14: =IF(ISNUMBER(C14),IF(B14>=C14,"done","to do"),"") -> to do
A15: Wedding calendar months filled (both sources) | B15: =COUNTIFS(Wedding_Calendar!C2:C25,"<>",Wedding_Calendar!E2:E25,"<>") -> 0 | C15: 24 | D15: =IF(ISNUMBER(C15),IF(B15>=C15,"done","to do"),"") -> to do
